Exosomal motifs,Non-exosomal motifs
 A L A E G, Q S G Y
 C D G L, P S S P S S
 M K K N, F S L L S
 N A R P, L A E E D
 Q E E H, L A L T S
 S L A T G, S T S T T
 Y G P P G, W E P G
 A L A L I, A A V G P
 D M S D, C A V C
 E L W G, C F T S
 H Q A G, C S H E
 M E N P, D N A I
 P K N Y, K H P K
 T M S G, L A L P L
 V V A W, L Q P G L
 E R D gap E R, P S T L S
 G G L gap V L, R A L G A
 Q gap L S R L, R S A S A
 A L A E gap G, R W P P
 A I gap E E L, R W R D
 E P V gap A G, S F L R S
 E Q L L gap G, S W N K
 E R gap A V L, T L F Y
 F L V gap E K, T M L I
 L A L gap D S, V R C H
 L gap E K N L, V S L P gap S
 L S K A gap K, F S L gap L S
 M gap N G I, F I I gap W
 R S gap S P K, G S gap Q G P
 Y G P P gap G, H S S S gap P
 Y G gap P P G, P A R gap L P
 I gap I gap S G G, P G R A gap R
 E E V gap G gap K, Q S G Y
 D E gap G gap Q V, W A gap E I
 E L E E gap L gap Q, A E P gap T P
 G D A gap D gap L, G gap H H F
 G R G gap G gap S G, K N gap L R L
 L E gap K N gap Y, L gap R H Q R
 N I gap V L gap G, L T L P gap F
 P gap K V gap A P, R H gap R I H
 Q D gap E R gap R, S gap W M A
 neutral G K T S, V gap V P L L
 E A E aliphatic aliphatic neutral aliphatic, M V gap V gap C
 aliphatic N aliphatic basic K aliphatic aliphatic, G gap S gap Q G P
 G acidic acidic K acidic, F I gap I gap W
 F aliphatic K acidic F, H C gap P gap W
 N aliphatic K S basic, L gap R gap H Q R
 neutral aliphatic aliphatic acidic sulfur aliphatic K, P gap D A L gap A
 I acidic neutral S neutral aliphatic, S R T gap A gap P
 L acidic neutral neutral basic basic aliphatic, V S L P gap S
 aliphatic aliphatic basic E A aliphatic basic, E gap S T A gap P
 aliphatic acidic neutral aromatic aliphatic acidic neutral, R E P gap S gap G
 aliphatic K neutral E aliphatic I, aliphatic L aliphatic aliphatic aliphatic Y aromatic
 aromatic E neutral aliphatic aliphatic neutral neutral, aliphatic aliphatic aliphatic aliphatic F aliphatic aliphatic sulfur aromatic
 acidic neutral F basic aliphatic aliphatic aliphatic, F aliphatic aliphatic C W
 E K Y L, T H R aliphatic neutral
 I K A K, aliphatic aliphatic A P neutral A aliphatic
 A R A I, aliphatic aliphatic aliphatic aliphatic F aliphatic aliphatic C aromatic
 I A T G, aliphatic aliphatic aliphatic neutral aliphatic P neutral G
 A L N E, S S aliphatic acidic acidic E
 I R D V, L L aliphatic P A neutral
 I V E N, aliphatic aliphatic aliphatic aliphatic aliphatic F aliphatic aliphatic sulfur aromatic
 N R A L, aliphatic aliphatic aliphatic aliphatic aliphatic aromatic aliphatic aliphatic sulfur aromatic
 R V R G, aliphatic aliphatic F aliphatic aliphatic sulfur aromatic aliphatic P
 T T S K, aliphatic aliphatic aromatic aliphatic aliphatic sulfur aromatic aliphatic P
 A I E gap T, aliphatic sulfur P V sulfur
 P F gap R L, aliphatic F aliphatic aliphatic sulfur W
 I gap R V R, aliphatic F aliphatic aliphatic sulfur aromatic aliphatic P
 D R gap A I, aliphatic aromatic aliphatic aliphatic sulfur aromatic aliphatic P
 D gap R A I, S neutral L neutral aliphatic N
 I G K gap I, neutral G aliphatic L neutral aliphatic aliphatic aliphatic
 D gap I R V, neutral Y aromatic neutral I
 L L E gap A L, acidic basic P F S
 E L R gap E L, basic aliphatic A L A aliphatic aliphatic
 N gap A V D, basic S A S A
 F gap D R gap F, basic S H L acidic
 F D gap R gap F, P V aliphatic basic basic neutral
 R D gap D gap Y, C P V C
 E K A gap L gap A, F L L I
 A I acidic T, M C C
 D aliphatic D acidic aliphatic aliphatic, R T E S
 L E basic aliphatic aliphatic E, L K H K
 acidic aliphatic K neutral Y, R E R N
 acidic acidic aliphatic K aliphatic aliphatic aliphatic, S E P D
 L acidic K aliphatic aliphatic E, R I H T G
 V neutral K aliphatic aromatic, S F G L
 aliphatic K E A aliphatic aliphatic, S Y P E
 K E basic aromatic aliphatic, R L K gap H
 T K P aliphatic aliphatic, S P P gap C
, R R gap C S
, C gap L P F
, P V C gap R
, A I V gap P
, C P V C
, H A S gap R
, P C gap R P
, P S C gap T
, S gap C A P
, T R P gap Q
, W gap S S P
, V gap L gap L S S
, R L gap L gap S R
, F L gap G gap L L
, G P gap G R gap P
, R L K gap H
, S gap S S R gap L
, L gap G gap L S A
, F S gap L S gap L
, H gap G E gap P F
, L S gap A F gap L
, P G gap R A gap A
, P S S gap R gap P
, P gap S S gap R P
, R gap W P gap P
, S F L gap L gap L
, T gap P P G gap P
, R aliphatic H T G
, aliphatic aliphatic L aliphatic L F aliphatic
, S A aliphatic aliphatic A aliphatic aliphatic aliphatic
, T basic neutral G acidic basic
, P P R neutral neutral
, aliphatic aliphatic aromatic aliphatic aliphatic sulfur aromatic
, sulfur R L neutral aliphatic
, R aliphatic basic neutral aliphatic E basic
, aliphatic aliphatic P A aliphatic R
, aromatic aliphatic L sulfur aromatic
, S A A aliphatic A aliphatic aliphatic
, T H neutral G acidic basic
, T basic neutral G E basic
, H aliphatic basic I basic